{"train_loss": [1.115599513053894, 1.2520167827606201, 1.2740987539291382, 1.4303783178329468, 1.330998420715332, 1.3877218961715698, 1.2254866361618042, 1.405521035194397, 1.4921612739562988, 1.2534934282302856, 1.2511519193649292, 1.452325701713562, 1.2348718643188477, 1.4333873987197876, 1.422603726387024], "train_accuracy": [0.5012738853503185, 0.5025477707006369, 0.49936305732484076, 0.49936305732484076, 0.5025477707006369, 0.49936305732484076, 0.5025477707006369, 0.49936305732484076, 0.49936305732484076, 0.5025477707006369, 0.5025477707006369, 0.49936305732484076, 0.5025477707006369, 0.49936305732484076, 0.49936305732484076], "train_f1_score": [0.33727739834032283, 0.34445502414113316, 0.3330501274426507, 0.3330501274426507, 0.34445502414113316, 0.3330501274426507, 0.34445502414113316, 0.3330501274426507, 0.3330501274426507, 0.34445502414113316, 0.34445502414113316, 0.3330501274426507, 0.34445502414113316, 0.3330501274426507, 0.3330501274426507], "test_loss": [1.7457395044363173, 1.778389688566299, 1.7479070093639362, 1.6656958188083817, 1.7189070829889788, 1.6573842678828665, 1.773345769582217, 1.6525948051693065, 1.7887355907024947, 1.7862154209533927, 1.774296713892225, 1.783779721942755, 1.7877247049389302, 1.7116876450412417, 1.761619775260705], "test_accuracy": [0.9701492537313433, 0.9751243781094527, 0.9751243781094527, 0.9751243781094527, 0.9651741293532339, 0.9751243781094527, 0.9751243781094527, 0.9751243781094527, 0.9751243781094527, 0.9751243781094527, 0.9701492537313433, 0.9751243781094527, 0.9751243781094527, 0.9751243781094527, 0.9751243781094527], "test_f1_score": [0.9652495100256293, 0.9677556800380966, 0.9677556800380966, 0.9677556800380966, 0.9627306505447446, 0.9677556800380966, 0.9677556800380966, 0.9677556800380966, 0.9677556800380966, 0.9677556800380966, 0.9652495100256293, 0.9677556800380966, 0.9677556800380966, 0.9677556800380966, 0.9677556800380966], "maintenance_accuracy": [0.9104477611940298, 0.8606965174129353, 0.9203980099502488, 0.9353233830845771, 0.8905472636815921, 0.9253731343283582, 0.9552238805970149, 0.9502487562189055, 0.9353233830845771, 0.9303482587064676, 0.9104477611940298, 0.9601990049751243, 0.945273631840796, 0.9154228855721394, 0.9104477611940298]}