{"train_loss": [1.0727587938308716, 1.2895654439926147, 1.3942053318023682, 1.3228273391723633, 1.2900831699371338, 1.6272375583648682, 1.378027319908142, 1.6176152229309082, 1.3838149309158325, 1.4223535060882568, 1.4716001749038696, 1.4874911308288574, 1.3279192447662354, 1.4841945171356201, 1.3762478828430176], "train_accuracy": [0.5096525096525096, 0.5032175032175032, 0.5025740025740025, 0.5034320034320034, 0.5036465036465037, 0.504933504933505, 0.5032175032175032, 0.5045045045045045, 0.5015015015015015, 0.5023595023595023, 0.5036465036465037, 0.5034320034320034, 0.5053625053625054, 0.5027885027885027, 0.5034320034320034], "train_f1_score": [0.36552018936759983, 0.34081660362908894, 0.3408928727434518, 0.3412873013911205, 0.34175765304565897, 0.3449404194418692, 0.34081660362908894, 0.3440045592853286, 0.33703850559520665, 0.33930460292083486, 0.3428686364442642, 0.3416588978464239, 0.3458749111654124, 0.34024736062704153, 0.3412873013911205], "test_loss": [1.2671978327211302, 1.1640048605791622, 1.1607140163150425, 1.256235211866668, 1.165510489559715, 1.1861718683095124, 1.163746360005227, 1.1670704783410877, 1.2641064048416675, 1.1655157786570187, 1.1645571561461487, 1.2648353533696242, 1.1641110814479487, 1.2111674768521277, 1.2514444986669324], "test_accuracy": [0.9716666666666667, 0.975, 0.975, 0.9683333333333334, 0.9766666666666667, 0.975, 0.9766666666666667, 0.9766666666666667, 0.9683333333333334, 0.9766666666666667, 0.9766666666666667, 0.9716666666666667, 0.9766666666666667, 0.97, 0.97], "test_f1_score": [0.9650237031017201, 0.9673997334302679, 0.9673997334302679, 0.962754609929078, 0.9686384180790962, 0.9673997334302679, 0.9686384180790962, 0.9686384180790962, 0.962754609929078, 0.9686384180790962, 0.9686384180790962, 0.9650237031017201, 0.9686384180790962, 0.9638775510204082, 0.9638775510204082], "maintenance_accuracy": [0.9183333333333333, 0.935, 0.9316666666666666, 0.93, 0.915, 0.9233333333333333, 0.9316666666666666, 0.9316666666666666, 0.9266666666666666, 0.92, 0.9166666666666666, 0.92, 0.9383333333333334, 0.9116666666666666, 0.925]}