{"train_loss": [0.919381856918335, 1.0420706272125244, 1.0445611476898193, 1.3659042119979858, 1.0258939266204834, 1.032239317893982, 1.0178388357162476, 1.0064185857772827, 1.3703131675720215, 0.987733006477356, 0.996863842010498, 1.3583742380142212, 1.021235466003418, 1.3625438213348389, 1.3614416122436523], "train_accuracy": [0.510949696444059, 0.5039028620988725, 0.5035776235906332, 0.5019514310494363, 0.5049869904596704, 0.5033607979184735, 0.5043365134431916, 0.5029271465741544, 0.5018430182133564, 0.5039028620988725, 0.5035776235906332, 0.502059843885516, 0.505745880312229, 0.502059843885516, 0.502059843885516], "train_f1_score": [0.36303092557605526, 0.34307147721910325, 0.34161068062095645, 0.33784538564083794, 0.34506496761182937, 0.34113512138251784, 0.34327235869591216, 0.3401829410180241, 0.3376061807511446, 0.3423233571508883, 0.34161068062095645, 0.3380845011932291, 0.34800549110142615, 0.3380845011932291, 0.3380845011932291], "test_loss": [1.301558132876847, 1.173271021484716, 1.2088218801483663, 1.2178186082218254, 1.2232148325280396, 1.2091709901197982, 1.2062008609317567, 1.2147880152926722, 1.1821546852924392, 1.217461267986272, 1.2091224665572884, 1.183596125541792, 1.1974940323841168, 1.182199183768323, 1.183710507209043], "test_accuracy": [0.9425, 0.9558333333333333, 0.9508333333333333, 0.9516666666666667, 0.9516666666666667, 0.9508333333333333, 0.95, 0.9516666666666667, 0.9633333333333334, 0.9483333333333334, 0.9508333333333333, 0.9625, 0.9558333333333333, 0.9566666666666667, 0.9591666666666666], "test_f1_score": [0.9427901586939148, 0.9488976610485871, 0.9439832676952905, 0.9445107865597557, 0.9445107865597557, 0.9439832676952905, 0.9425973654066437, 0.9445107865597557, 0.9541218944599281, 0.9415734780352151, 0.9439832676952905, 0.952621093503599, 0.9496798845398371, 0.9509971106101803, 0.9541612903225807], "maintenance_accuracy": [0.8975, 0.9083333333333333, 0.9191666666666667, 0.9083333333333333, 0.9133333333333333, 0.9141666666666667, 0.91, 0.9133333333333333, 0.9116666666666666, 0.9075, 0.9141666666666667, 0.935, 0.9108333333333334, 0.9125, 0.9025]}