{"loss": [1.3358731155452699, 1.2312766025806297, 1.2485477286300202, 1.274327006297133, 1.2557043925575588, 1.2472976002914795, 1.2504404454395688, 1.2444574775724397, 1.2676588123527424, 1.2590166130166003, 1.2525311402831298, 1.2682440296999518, 1.246772708563969, 1.2440723563241458, 1.2620713660742031], "accuracy": [0.9540229885057471, 0.9635182408795602, 0.960519740129935, 0.9590204897551224, 0.960519740129935, 0.960519740129935, 0.960519740129935, 0.9615192403798101, 0.9660169915042479, 0.95952023988006, 0.960519740129935, 0.9665167416291854, 0.9640179910044977, 0.9625187406296851, 0.9640179910044977], "f1_score": [0.9517129254417198, 0.9563397926057584, 0.9533926301749959, 0.952316142687062, 0.9535756399193694, 0.9533926301749959, 0.952932924049519, 0.9540804030019101, 0.9580799255357412, 0.952318898639367, 0.9535123056456561, 0.9578602827351366, 0.9571803118355421, 0.9565427061629779, 0.9584402652108941], "maintenance_accuracy": [0.9050474762618691, 0.9115442278860569, 0.9230384807596201, 0.9175412293853074, 0.9115442278860569, 0.9180409795102449, 0.92103948025987, 0.9225387306346826, 0.9185407296351824, 0.9135432283858071, 0.9145427286356822, 0.9330334832583708, 0.9225387306346826, 0.912543728135932, 0.9100449775112444]}